geo country;vehicle age;number of registered vehicles
Austria;1;222231
Austria;2;235790
Austria;3;316256
Austria;4;331834
Austria;5;350498
Austria;6;328360
Austria;7;301776
Austria;8;284931
Austria;9;286529
Austria;10;292670
Austria;11;292654
Austria;12;250892
Austria;13;233536
Austria;14;200738
Austria;15;182906
Austria;16;160080
Austria;17;137285
Austria;18;118391
Austria;19;98406
Austria;20;75159
Austria;21;62305
Austria;22;52686
Austria;23;41871
Austria;24;29591
Austria;25;29591
Austria;26;29591
Austria;27;29591
Austria;28;29591
Austria;29;29591
Austria;30;29591
Austria;31;29591
Austria;32;29591
Austria;33;9733
Austria;34;0
Austria;35;0
Austria;36;0
Austria;37;0
Austria;38;0
Austria;39;0
Austria;40;0
Austria;41;0
Austria;42;0
Austria;43;0
Austria;44;0
Austria;45;0
Austria;46;0
Austria;47;0
Austria;48;0
Austria;49;0
Austria;50;0
Austria;51;0
Austria;52;0
Austria;53;0
Austria;54;0
Austria;55;0
Austria;56;0
Austria;57;0
Austria;58;0
Austria;59;0
Austria;60;0
Austria;61;0
Austria;62;0
Austria;63;0
Austria;64;0
Austria;65;0
Austria;66;0
Austria;67;0
Austria;68;0
Austria;69;0
Austria;70;0
Austria;71;0
Austria;72;0
Austria;73;0
Austria;74;0
Austria;75;0
Austria;76;0
Austria;77;0
Austria;78;0
Austria;79;0
Austria;80;0
Austria;81;0
Austria;82;0
Austria;83;0
Austria;84;0
Austria;85;0
Austria;86;0
Austria;87;0
Austria;88;0
Austria;89;0
Austria;90;0
Austria;91;0
Austria;92;0
Austria;93;0
Austria;94;0
Austria;95;0
Austria;96;0
Austria;97;0
Austria;98;0
Austria;99;0
Austria;100;0
Austria;101;0
Austria;102;0
Austria;103;0
Austria;104;0
Austria;105;0
Austria;106;0
Austria;107;0
Austria;108;0
Austria;109;0
Austria;110;0
Austria;111;0
Austria;112;0
Austria;113;0
Austria;114;0
Austria;115;0
Austria;116;0
Austria;117;0
Austria;118;0
Austria;119;0
Austria;120;0
Austria;121;0
Belgium;1;371755
Belgium;2;410607
Belgium;3;507791
Belgium;4;494432
Belgium;5;449744
Belgium;6;402609
Belgium;7;341255
Belgium;8;310960
Belgium;9;292248
Belgium;10;273134
Belgium;11;302405
Belgium;12;253932
Belgium;13;199589
Belgium;14;182576
Belgium;15;158949
Belgium;16;140685
Belgium;17;106909
Belgium;18;92219
Belgium;19;68386
Belgium;20;55479
Belgium;21;42083
Belgium;22;37045
Belgium;23;27573
Belgium;24;19492
Belgium;25;13236
Belgium;26;10080
Belgium;27;7157
Belgium;28;6778
Belgium;29;6245
Belgium;30;11466
Belgium;31;12245
Belgium;32;12055
Belgium;33;9836
Belgium;34;8863
Belgium;35;8160
Belgium;36;8494
Belgium;37;6829
Belgium;38;6214
Belgium;39;6252
Belgium;40;5818
Belgium;41;5226
Belgium;42;5634
Belgium;43;6668
Belgium;44;6571
Belgium;45;6217
Belgium;46;6028
Belgium;47;5429
Belgium;48;6252
Belgium;49;7609
Belgium;50;7455
Belgium;51;6386
Belgium;52;6174
Belgium;53;6359
Belgium;54;6238
Belgium;55;6362
Belgium;56;6139
Belgium;57;6074
Belgium;58;5142
Belgium;59;4608
Belgium;60;4384
Belgium;61;4444
Belgium;62;4493
Belgium;63;3932
Belgium;64;3611
Belgium;65;3344
Belgium;66;3182
Belgium;67;3206
Belgium;68;2770
Belgium;69;2372
Belgium;70;2792
Belgium;71;2064
Belgium;72;1987
Belgium;73;1781
Belgium;74;1805
Belgium;75;1327
Belgium;76;339
Belgium;77;171
Belgium;78;595
Belgium;79;447
Belgium;80;436
Belgium;81;88
Belgium;82;148
Belgium;83;343
Belgium;84;337
Belgium;85;326
Belgium;86;250
Belgium;87;175
Belgium;88;237
Belgium;89;177
Belgium;90;186
Belgium;91;174
Belgium;92;259
Belgium;93;263
Belgium;94;183
Belgium;95;103
Belgium;96;69
Belgium;97;90
Belgium;98;90
Belgium;99;66
Belgium;100;59
Belgium;101;20
Belgium;102;18
Belgium;103;13
Belgium;104;7
Belgium;105;3
Belgium;106;3
Belgium;107;10
Belgium;108;10
Belgium;109;19
Belgium;110;17
Belgium;111;15
Belgium;112;11
Belgium;113;6
Belgium;114;7
Belgium;115;8
Belgium;116;8
Belgium;117;1
Belgium;118;12
Belgium;119;4
Belgium;120;11
Belgium;121;2
Bulgaria;1;26507
Bulgaria;2;26507
Bulgaria;3;26507
Bulgaria;4;26507
Bulgaria;5;26507
Bulgaria;6;39242
Bulgaria;7;39242
Bulgaria;8;39242
Bulgaria;9;39242
Bulgaria;10;39242
Bulgaria;11;73196
Bulgaria;12;73196
Bulgaria;13;73196
Bulgaria;14;73196
Bulgaria;15;73196
Bulgaria;16;147586
Bulgaria;17;147586
Bulgaria;18;147586
Bulgaria;19;147586
Bulgaria;20;147586
Bulgaria;21;147586
Bulgaria;22;147586
Bulgaria;23;147586
Bulgaria;24;147586
Bulgaria;25;147586
Bulgaria;26;147586
Bulgaria;27;147586
Bulgaria;28;147586
Bulgaria;29;147586
Bulgaria;30;69659
Bulgaria;31;0
Bulgaria;32;0
Bulgaria;33;0
Bulgaria;34;0
Bulgaria;35;0
Bulgaria;36;0
Bulgaria;37;0
Bulgaria;38;0
Bulgaria;39;0
Bulgaria;40;0
Bulgaria;41;0
Bulgaria;42;0
Bulgaria;43;0
Bulgaria;44;0
Bulgaria;45;0
Bulgaria;46;0
Bulgaria;47;0
Bulgaria;48;0
Bulgaria;49;0
Bulgaria;50;0
Bulgaria;51;0
Bulgaria;52;0
Bulgaria;53;0
Bulgaria;54;0
Bulgaria;55;0
Bulgaria;56;0
Bulgaria;57;0
Bulgaria;58;0
Bulgaria;59;0
Bulgaria;60;0
Bulgaria;61;0
Bulgaria;62;0
Bulgaria;63;0
Bulgaria;64;0
Bulgaria;65;0
Bulgaria;66;0
Bulgaria;67;0
Bulgaria;68;0
Bulgaria;69;0
Bulgaria;70;0
Bulgaria;71;0
Bulgaria;72;0
Bulgaria;73;0
Bulgaria;74;0
Bulgaria;75;0
Bulgaria;76;0
Bulgaria;77;0
Bulgaria;78;0
Bulgaria;79;0
Bulgaria;80;0
Bulgaria;81;0
Bulgaria;82;0
Bulgaria;83;0
Bulgaria;84;0
Bulgaria;85;0
Bulgaria;86;0
Bulgaria;87;0
Bulgaria;88;0
Bulgaria;89;0
Bulgaria;90;0
Bulgaria;91;0
Bulgaria;92;0
Bulgaria;93;0
Bulgaria;94;0
Bulgaria;95;0
Bulgaria;96;0
Bulgaria;97;0
Bulgaria;98;0
Bulgaria;99;0
Bulgaria;100;0
Bulgaria;101;0
Bulgaria;102;0
Bulgaria;103;0
Bulgaria;104;0
Bulgaria;105;0
Bulgaria;106;0
Bulgaria;107;0
Bulgaria;108;0
Bulgaria;109;0
Bulgaria;110;0
Bulgaria;111;0
Bulgaria;112;0
Bulgaria;113;0
Bulgaria;114;0
Bulgaria;115;0
Bulgaria;116;0
Bulgaria;117;0
Bulgaria;118;0
Bulgaria;119;0
Bulgaria;120;0
Bulgaria;121;0
Switzerland;1;233539
Switzerland;2;212521
Switzerland;3;316431
Switzerland;4;296777
Switzerland;5;305800
Switzerland;6;308811
Switzerland;7;312540
Switzerland;8;273239,8
Switzerland;9;273239,8
Switzerland;10;273239,8
Switzerland;11;273239,8
Switzerland;12;273239,8
Switzerland;13;159465,6
Switzerland;14;159465,6
Switzerland;15;159465,6
Switzerland;16;159465,6
Switzerland;17;159465,6
Switzerland;18;70848
Switzerland;19;70848
Switzerland;20;70848
Switzerland;21;70848
Switzerland;22;70848
Switzerland;23;14335,4
Switzerland;24;14335,4
Switzerland;25;14335,4
Switzerland;26;14335,4
Switzerland;27;14335,4
Switzerland;28;14335,4
Switzerland;29;14335,4
Switzerland;30;14335,4
Switzerland;31;14335,4
Switzerland;32;14335,4
Switzerland;33;3254,2
Switzerland;34;3254,2
Switzerland;35;3254,2
Switzerland;36;3254,2
Switzerland;37;3254,2
Switzerland;38;3254,2
Switzerland;39;3254,2
Switzerland;40;3254,2
Switzerland;41;3254,2
Switzerland;42;3254,2
Switzerland;43;2623,4
Switzerland;44;2623,4
Switzerland;45;2623,4
Switzerland;46;2623,4
Switzerland;47;2623,4
Switzerland;48;2623,4
Switzerland;49;2623,4
Switzerland;50;2623,4
Switzerland;51;2623,4
Switzerland;52;2623,4
Switzerland;53;2623,4
Switzerland;54;2623,4
Switzerland;55;2623,4
Switzerland;56;2623,4
Switzerland;57;2623,4
Switzerland;58;2623,4
Switzerland;59;2623,4
Switzerland;60;2623,4
Switzerland;61;2623,4
Switzerland;62;2623,4
Switzerland;63;2623,4
Switzerland;64;2623,4
Switzerland;65;2623,4
Switzerland;66;2623,4
Switzerland;67;2623,4
Switzerland;68;949
Switzerland;69;0
Switzerland;70;0
Switzerland;71;0
Switzerland;72;0
Switzerland;73;0
Switzerland;74;0
Switzerland;75;0
Switzerland;76;0
Switzerland;77;0
Switzerland;78;0
Switzerland;79;0
Switzerland;80;0
Switzerland;81;0
Switzerland;82;0
Switzerland;83;0
Switzerland;84;0
Switzerland;85;0
Switzerland;86;0
Switzerland;87;0
Switzerland;88;0
Switzerland;89;0
Switzerland;90;0
Switzerland;91;0
Switzerland;92;0
Switzerland;93;0
Switzerland;94;0
Switzerland;95;0
Switzerland;96;0
Switzerland;97;0
Switzerland;98;0
Switzerland;99;0
Switzerland;100;0
Switzerland;101;0
Switzerland;102;0
Switzerland;103;0
Switzerland;104;0
Switzerland;105;0
Switzerland;106;0
Switzerland;107;0
Switzerland;108;0
Switzerland;109;0
Switzerland;110;0
Switzerland;111;0
Switzerland;112;0
Switzerland;113;0
Switzerland;114;0
Switzerland;115;0
Switzerland;116;0
Switzerland;117;0
Switzerland;118;0
Switzerland;119;0
Switzerland;120;0
Switzerland;121;0
Cyprus;1;10463
Cyprus;2;10325
Cyprus;3;14242
Cyprus;4;18283
Cyprus;5;25013
Cyprus;6;24182,2
Cyprus;7;24182,2
Cyprus;8;24182,2
Cyprus;9;24182,2
Cyprus;10;24182,2
Cyprus;11;29737,4
Cyprus;12;29737,4
Cyprus;13;29737,4
Cyprus;14;29737,4
Cyprus;15;29737,4
Cyprus;16;27940,4
Cyprus;17;27940,4
Cyprus;18;27940,4
Cyprus;19;27940,4
Cyprus;20;27940,4
Cyprus;21;13788
Cyprus;22;13788
Cyprus;23;13788
Cyprus;24;13788
Cyprus;25;13788
Cyprus;26;13788
Cyprus;27;13788
Cyprus;28;8014
Cyprus;29;0
Cyprus;30;0
Cyprus;31;0
Cyprus;32;0
Cyprus;33;0
Cyprus;34;0
Cyprus;35;0
Cyprus;36;0
Cyprus;37;0
Cyprus;38;0
Cyprus;39;0
Cyprus;40;0
Cyprus;41;0
Cyprus;42;0
Cyprus;43;0
Cyprus;44;0
Cyprus;45;0
Cyprus;46;0
Cyprus;47;0
Cyprus;48;0
Cyprus;49;0
Cyprus;50;0
Cyprus;51;0
Cyprus;52;0
Cyprus;53;0
Cyprus;54;0
Cyprus;55;0
Cyprus;56;0
Cyprus;57;0
Cyprus;58;0
Cyprus;59;0
Cyprus;60;0
Cyprus;61;0
Cyprus;62;0
Cyprus;63;0
Cyprus;64;0
Cyprus;65;0
Cyprus;66;0
Cyprus;67;0
Cyprus;68;0
Cyprus;69;0
Cyprus;70;0
Cyprus;71;0
Cyprus;72;0
Cyprus;73;0
Cyprus;74;0
Cyprus;75;0
Cyprus;76;0
Cyprus;77;0
Cyprus;78;0
Cyprus;79;0
Cyprus;80;0
Cyprus;81;0
Cyprus;82;0
Cyprus;83;0
Cyprus;84;0
Cyprus;85;0
Cyprus;86;0
Cyprus;87;0
Cyprus;88;0
Cyprus;89;0
Cyprus;90;0
Cyprus;91;0
Cyprus;92;0
Cyprus;93;0
Cyprus;94;0
Cyprus;95;0
Cyprus;96;0
Cyprus;97;0
Cyprus;98;0
Cyprus;99;0
Cyprus;100;0
Cyprus;101;0
Cyprus;102;0
Cyprus;103;0
Cyprus;104;0
Cyprus;105;0
Cyprus;106;0
Cyprus;107;0
Cyprus;108;0
Cyprus;109;0
Cyprus;110;0
Cyprus;111;0
Cyprus;112;0
Cyprus;113;0
Cyprus;114;0
Cyprus;115;0
Cyprus;116;0
Cyprus;117;0
Cyprus;118;0
Cyprus;119;0
Cyprus;120;0
Cyprus;121;0
Czech Republic;1;192004
Czech Republic;2;203263,5
Czech Republic;3;203263,5
Czech Republic;4;247860,5
Czech Republic;5;247860,5
Czech Republic;6;204802,6
Czech Republic;7;204802,6
Czech Republic;8;204802,6
Czech Republic;9;204802,6
Czech Republic;10;204802,6
Czech Republic;11;246167,8
Czech Republic;12;246167,8
Czech Republic;13;246167,8
Czech Republic;14;246167,8
Czech Republic;15;246167,8
Czech Republic;16;246167,8
Czech Republic;17;246167,8
Czech Republic;18;246167,8
Czech Republic;19;246167,8
Czech Republic;20;246167,8
Czech Republic;21;246167,8
Czech Republic;22;246167,8
Czech Republic;23;246167,8
Czech Republic;24;246167,8
Czech Republic;25;246167,8
Czech Republic;26;246167,8
Czech Republic;27;236135,2
Czech Republic;28;0
Czech Republic;29;0
Czech Republic;30;0
Czech Republic;31;0
Czech Republic;32;0
Czech Republic;33;0
Czech Republic;34;0
Czech Republic;35;0
Czech Republic;36;0
Czech Republic;37;0
Czech Republic;38;0
Czech Republic;39;0
Czech Republic;40;0
Czech Republic;41;0
Czech Republic;42;0
Czech Republic;43;0
Czech Republic;44;0
Czech Republic;45;0
Czech Republic;46;0
Czech Republic;47;0
Czech Republic;48;0
Czech Republic;49;0
Czech Republic;50;0
Czech Republic;51;0
Czech Republic;52;0
Czech Republic;53;0
Czech Republic;54;0
Czech Republic;55;0
Czech Republic;56;0
Czech Republic;57;0
Czech Republic;58;0
Czech Republic;59;0
Czech Republic;60;0
Czech Republic;61;0
Czech Republic;62;0
Czech Republic;63;0
Czech Republic;64;0
Czech Republic;65;0
Czech Republic;66;0
Czech Republic;67;0
Czech Republic;68;0
Czech Republic;69;0
Czech Republic;70;0
Czech Republic;71;0
Czech Republic;72;0
Czech Republic;73;0
Czech Republic;74;0
Czech Republic;75;0
Czech Republic;76;0
Czech Republic;77;0
Czech Republic;78;0
Czech Republic;79;0
Czech Republic;80;0
Czech Republic;81;0
Czech Republic;82;0
Czech Republic;83;0
Czech Republic;84;0
Czech Republic;85;0
Czech Republic;86;0
Czech Republic;87;0
Czech Republic;88;0
Czech Republic;89;0
Czech Republic;90;0
Czech Republic;91;0
Czech Republic;92;0
Czech Republic;93;0
Czech Republic;94;0
Czech Republic;95;0
Czech Republic;96;0
Czech Republic;97;0
Czech Republic;98;0
Czech Republic;99;0
Czech Republic;100;0
Czech Republic;101;0
Czech Republic;102;0
Czech Republic;103;0
Czech Republic;104;0
Czech Republic;105;0
Czech Republic;106;0
Czech Republic;107;0
Czech Republic;108;0
Czech Republic;109;0
Czech Republic;110;0
Czech Republic;111;0
Czech Republic;112;0
Czech Republic;113;0
Czech Republic;114;0
Czech Republic;115;0
Czech Republic;116;0
Czech Republic;117;0
Czech Republic;118;0
Czech Republic;119;0
Czech Republic;120;0
Czech Republic;121;0
Germany;1;2476732
Germany;2;2724713
Germany;3;3450993
Germany;4;3113056
Germany;5;3016404
Germany;6;2890347
Germany;7;2686096
Germany;8;2468360
Germany;9;2327781
Germany;10;2352542
Germany;11;2311879
Germany;12;2003017
Germany;13;2584165
Germany;14;1805144
Germany;15;1641527
Germany;16;1685162
Germany;17;1417122
Germany;18;1191839
Germany;19;1058150
Germany;20;859447
Germany;21;726557
Germany;22;591847
Germany;23;546944
Germany;24;403528
Germany;25;295130
Germany;26;227724
Germany;27;174892
Germany;28;131575
Germany;29;116672
Germany;30;130754
Germany;31;135577
Germany;32;109982
Germany;33;88223
Germany;34;69338
Germany;35;60126
Germany;36;49779
Germany;37;38297
Germany;38;36527
Germany;39;36527
Germany;40;36527
Germany;41;36527
Germany;42;36527
Germany;43;36527
Germany;44;36527
Germany;45;36527
Germany;46;36527
Germany;47;36527
Germany;48;36527
Germany;49;36527
Germany;50;36527
Germany;51;36527
Germany;52;36527
Germany;53;31514
Germany;54;0
Germany;55;0
Germany;56;0
Germany;57;0
Germany;58;0
Germany;59;0
Germany;60;0
Germany;61;0
Germany;62;0
Germany;63;0
Germany;64;0
Germany;65;0
Germany;66;0
Germany;67;0
Germany;68;0
Germany;69;0
Germany;70;0
Germany;71;0
Germany;72;0
Germany;73;0
Germany;74;0
Germany;75;0
Germany;76;0
Germany;77;0
Germany;78;0
Germany;79;0
Germany;80;0
Germany;81;0
Germany;82;0
Germany;83;0
Germany;84;0
Germany;85;0
Germany;86;0
Germany;87;0
Germany;88;0
Germany;89;0
Germany;90;0
Germany;91;0
Germany;92;0
Germany;93;0
Germany;94;0
Germany;95;0
Germany;96;0
Germany;97;0
Germany;98;0
Germany;99;0
Germany;100;0
Germany;101;0
Germany;102;0
Germany;103;0
Germany;104;0
Germany;105;0
Germany;106;0
Germany;107;0
Germany;108;0
Germany;109;0
Germany;110;0
Germany;111;0
Germany;112;0
Germany;113;0
Germany;114;0
Germany;115;0
Germany;116;0
Germany;117;0
Germany;118;0
Germany;119;0
Germany;120;0
Germany;121;0
Denmark;1;174363
Denmark;2;182832
Denmark;3;193700
Denmark;4;192157
Denmark;5;204850
Denmark;6;200141
Denmark;7;191064
Denmark;8;172791
Denmark;9;166296
Denmark;10;152914
Denmark;11;138585
Denmark;12;118000
Denmark;13;79297
Denmark;14;98889
Denmark;15;97820
Denmark;16;88681
Denmark;17;71210
Denmark;18;50701
Denmark;19;31797
Denmark;20;32823
Denmark;21;19683
Denmark;22;17825
Denmark;23;15398
Denmark;24;12584
Denmark;25;8612
Denmark;26;8612
Denmark;27;8612
Denmark;28;8612
Denmark;29;8612
Denmark;30;8612
Denmark;31;8612
Denmark;32;8612
Denmark;33;8612
Denmark;34;5644
Denmark;35;0
Denmark;36;0
Denmark;37;0
Denmark;38;0
Denmark;39;0
Denmark;40;0
Denmark;41;0
Denmark;42;0
Denmark;43;0
Denmark;44;0
Denmark;45;0
Denmark;46;0
Denmark;47;0
Denmark;48;0
Denmark;49;0
Denmark;50;0
Denmark;51;0
Denmark;52;0
Denmark;53;0
Denmark;54;0
Denmark;55;0
Denmark;56;0
Denmark;57;0
Denmark;58;0
Denmark;59;0
Denmark;60;0
Denmark;61;0
Denmark;62;0
Denmark;63;0
Denmark;64;0
Denmark;65;0
Denmark;66;0
Denmark;67;0
Denmark;68;0
Denmark;69;0
Denmark;70;0
Denmark;71;0
Denmark;72;0
Denmark;73;0
Denmark;74;0
Denmark;75;0
Denmark;76;0
Denmark;77;0
Denmark;78;0
Denmark;79;0
Denmark;80;0
Denmark;81;0
Denmark;82;0
Denmark;83;0
Denmark;84;0
Denmark;85;0
Denmark;86;0
Denmark;87;0
Denmark;88;0
Denmark;89;0
Denmark;90;0
Denmark;91;0
Denmark;92;0
Denmark;93;0
Denmark;94;0
Denmark;95;0
Denmark;96;0
Denmark;97;0
Denmark;98;0
Denmark;99;0
Denmark;100;0
Denmark;101;0
Denmark;102;0
Denmark;103;0
Denmark;104;0
Denmark;105;0
Denmark;106;0
Denmark;107;0
Denmark;108;0
Denmark;109;0
Denmark;110;0
Denmark;111;0
Denmark;112;0
Denmark;113;0
Denmark;114;0
Denmark;115;0
Denmark;116;0
Denmark;117;0
Denmark;118;0
Denmark;119;0
Denmark;120;0
Denmark;121;0
Spain;1;921377
Spain;2;874424
Spain;3;1233018
Spain;4;1284823
Spain;5;1207707
Spain;6;1106231
Spain;7;983017
Spain;8;786490
Spain;9;636727
Spain;10;594017
Spain;11;688609
Spain;12;872985
Spain;13;870059
Spain;14;969399
Spain;15;1341610
Spain;16;1329563
Spain;17;1266566
Spain;18;1134874
Spain;19;926766
Spain;20;759713
Spain;21;716789
Spain;22;584410
Spain;23;496718
Spain;24;339695
Spain;25;237059
Spain;26;171579
Spain;27;131180
Spain;28;131232
Spain;29;101259
Spain;30;121407
Spain;31;102267
Spain;32;105376
Spain;33;114969
Spain;34;104950
Spain;35;89823
Spain;36;66427
Spain;37;56396
Spain;38;53344
Spain;39;60192
Spain;40;62670
Spain;41;63514
Spain;42;74004
Spain;43;81228
Spain;44;86069
Spain;45;86638
Spain;46;83545
Spain;47;81009
Spain;48;86808
Spain;49;102911
Spain;50;94570
Spain;51;86202
Spain;52;79929
Spain;53;74928
Spain;54;59093
Spain;55;52658
Spain;56;40809
Spain;57;22954
Spain;58;15693
Spain;59;8291
Spain;60;5949
Spain;61;4165
Spain;62;2480
Spain;63;1644
Spain;64;1237
Spain;65;1004
Spain;66;1384
Spain;67;782
Spain;68;678
Spain;69;397
Spain;70;278
Spain;71;170
Spain;72;100
Spain;73;135
Spain;74;149
Spain;75;114
Spain;76;70
Spain;77;65
Spain;78;55
Spain;79;75
Spain;80;85
Spain;81;50
Spain;82;111
Spain;83;90
Spain;84;29
Spain;85;20
Spain;86;137
Spain;87;307
Spain;88;260
Spain;89;262
Spain;90;164
Spain;91;99
Spain;92;249
Spain;93;341
Spain;94;262
Spain;95;188
Spain;96;186
Spain;97;191
Spain;98;156
Spain;99;100
Spain;100;43
Spain;101;15
Spain;102;17
Spain;103;14
Spain;104;4
Spain;105;11
Spain;106;8
Spain;107;4
Spain;108;11
Spain;109;6
Spain;110;7
Spain;111;9
Spain;112;3
Spain;113;7
Spain;114;4
Spain;115;10
Spain;116;2
Spain;117;2
Spain;118;1
Spain;119;2
Spain;120;1
Spain;121;0
Estonia;1;21018
Estonia;2;17250
Estonia;3;25112
Estonia;4;26806
Estonia;5;27859
Estonia;6;26402
Estonia;7;25630
Estonia;8;25888
Estonia;9;25075
Estonia;10;26687
Estonia;11;26370
Estonia;12;20305
Estonia;13;19724
Estonia;14;38722
Estonia;15;46024
Estonia;16;38492
Estonia;17;32329
Estonia;18;30031
Estonia;19;27430
Estonia;20;24345
Estonia;21;21394
Estonia;22;21018
Estonia;23;20217
Estonia;24;18934
Estonia;25;17720
Estonia;26;16031
Estonia;27;15413
Estonia;28;14670
Estonia;29;14119
Estonia;30;16341
Estonia;31;14314
Estonia;32;10926
Estonia;33;9946
Estonia;34;9497
Estonia;35;8475
Estonia;36;7662
Estonia;37;6545
Estonia;38;5441
Estonia;39;4942
Estonia;40;3158
Estonia;41;2161
Estonia;42;1850
Estonia;43;1560
Estonia;44;1260
Estonia;45;1198
Estonia;46;1142
Estonia;47;1177
Estonia;48;1125
Estonia;49;999
Estonia;50;735
Estonia;51;392
Estonia;52;330
Estonia;53;301
Estonia;54;288
Estonia;55;293
Estonia;56;270
Estonia;57;256
Estonia;58;237
Estonia;59;171
Estonia;60;167
Estonia;61;148
Estonia;62;181
Estonia;63;158
Estonia;64;152
Estonia;65;94
Estonia;66;93
Estonia;67;109
Estonia;68;84
Estonia;69;91
Estonia;70;63
Estonia;71;40
Estonia;72;72
Estonia;73;60
Estonia;74;46
Estonia;75;22
Estonia;76;3
Estonia;77;7
Estonia;78;6
Estonia;79;10
Estonia;80;10
Estonia;81;8
Estonia;82;18
Estonia;83;73
Estonia;84;74
Estonia;85;30
Estonia;86;21
Estonia;87;10
Estonia;88;9
Estonia;89;4
Estonia;90;7
Estonia;91;7
Estonia;92;6
Estonia;93;5
Estonia;94;8
Estonia;95;8
Estonia;96;0
Estonia;97;4
Estonia;98;2
Estonia;99;3
Estonia;100;0
Estonia;101;1
Estonia;102;2
Estonia;103;0
Estonia;104;1
Estonia;105;0
Estonia;106;0
Estonia;107;0
Estonia;108;1
Estonia;109;0
Estonia;110;1
Estonia;111;0
Estonia;112;0
Estonia;113;0
Estonia;114;0
Estonia;115;0
Estonia;116;0
Estonia;117;0
Estonia;118;0
Estonia;119;0
Estonia;120;0
Estonia;121;0
Finland;1;95173
Finland;2;97209
Finland;3;117597
Finland;4;128741
Finland;5;135894
Finland;6;137161
Finland;7;126081
Finland;8;118189
Finland;9;114195
Finland;10;119695
Finland;11;135461
Finland;12;117257
Finland;13;94475
Finland;14;135447
Finland;15;124748
Finland;16;133243
Finland;17;123441
Finland;18;109366
Finland;19;101609
Finland;20;71929
Finland;21;55954
Finland;22;57285
Finland;23;49296
Finland;24;38101
Finland;25;25744
Finland;26;18948
Finland;27;14685
Finland;28;10867
Finland;29;8468
Finland;30;9354
Finland;31;10841
Finland;32;14237
Finland;33;15594
Finland;34;14429
Finland;35;11224
Finland;36;9454
Finland;37;7694
Finland;38;5670
Finland;39;4214
Finland;40;3095
Finland;41;1899
Finland;42;1558
Finland;43;1454
Finland;44;1045
Finland;45;1118
Finland;46;1001
Finland;47;1134
Finland;48;1164
Finland;49;1605
Finland;50;1643
Finland;51;1445
Finland;52;1679
Finland;53;1559
Finland;54;915
Finland;55;1378
Finland;56;1659
Finland;57;1901
Finland;58;1425
Finland;59;935
Finland;60;898
Finland;61;627
Finland;62;558
Finland;63;595
Finland;64;422
Finland;65;395
Finland;66;354
Finland;67;315
Finland;68;204
Finland;69;155
Finland;70;330
Finland;71;288
Finland;72;123
Finland;73;91
Finland;74;48
Finland;75;39
Finland;76;22
Finland;77;5
Finland;78;20
Finland;79;23
Finland;80;11
Finland;81;22
Finland;82;24
Finland;83;141
Finland;84;102
Finland;85;75
Finland;86;43
Finland;87;26
Finland;88;28
Finland;89;16
Finland;90;23
Finland;91;72
Finland;92;96
Finland;93;124
Finland;94;156
Finland;95;76
Finland;96;91
Finland;97;34
Finland;98;29
Finland;99;14
Finland;100;8
Finland;101;6
Finland;102;3
Finland;103;3
Finland;104;3
Finland;105;2
Finland;106;2
Finland;107;1
Finland;108;4
Finland;109;1
Finland;110;2
Finland;111;1
Finland;112;2
Finland;113;4
Finland;114;2
Finland;115;2
Finland;116;1
Finland;117;1
Finland;118;1
Finland;119;1
Finland;120;1
Finland;121;1
France;1;2604563,75
France;2;2604563,75
France;3;2604563,75
France;4;2604563,75
France;5;1860395,4
France;6;1860395,4
France;7;1860395,4
France;8;1860395,4
France;9;1860395,4
France;10;1895480,6
France;11;1895480,6
France;12;1895480,6
France;13;1895480,6
France;14;1895480,6
France;15;1159314,2
France;16;1159314,2
France;17;1159314,2
France;18;1159314,2
France;19;1159314,2
France;20;632751,75
France;21;632751,75
France;22;632751,75
France;23;632751,75
France;24;632751,75
France;25;632751,75
France;26;580625,25
France;27;0
France;28;0
France;29;0
France;30;0
France;31;0
France;32;0
France;33;0
France;34;0
France;35;0
France;36;0
France;37;0
France;38;0
France;39;0
France;40;0
France;41;0
France;42;0
France;43;0
France;44;0
France;45;0
France;46;0
France;47;0
France;48;0
France;49;0
France;50;0
France;51;0
France;52;0
France;53;0
France;54;0
France;55;0
France;56;0
France;57;0
France;58;0
France;59;0
France;60;0
France;61;0
France;62;0
France;63;0
France;64;0
France;65;0
France;66;0
France;67;0
France;68;0
France;69;0
France;70;0
France;71;0
France;72;0
France;73;0
France;74;0
France;75;0
France;76;0
France;77;0
France;78;0
France;79;0
France;80;0
France;81;0
France;82;0
France;83;0
France;84;0
France;85;0
France;86;0
France;87;0
France;88;0
France;89;0
France;90;0
France;91;0
France;92;0
France;93;0
France;94;0
France;95;0
France;96;0
France;97;0
France;98;0
France;99;0
France;100;0
France;101;0
France;102;0
France;103;0
France;104;0
France;105;0
France;106;0
France;107;0
France;108;0
France;109;0
France;110;0
France;111;0
France;112;0
France;113;0
France;114;0
France;115;0
France;116;0
France;117;0
France;118;0
France;119;0
France;120;0
France;121;0
Greece;1;79585
Greece;2;113797
Greece;3;102991
Greece;4;89375
Greece;5;83256
Greece;6;83395
Greece;7;79284
Greece;8;70159
Greece;9;74635
Greece;10;121706
Greece;11;156462
Greece;12;233879
Greece;13;305519
Greece;14;333209
Greece;15;317542
Greece;16;305835
Greece;17;309961
Greece;18;263277
Greece;19;259337
Greece;20;259416
Greece;21;262547
Greece;22;104568,7
Greece;23;104568,7
Greece;24;104568,7
Greece;25;104568,7
Greece;26;104568,7
Greece;27;104568,7
Greece;28;104568,7
Greece;29;104568,7
Greece;30;104568,7
Greece;31;104568,7
Greece;32;104568,7
Greece;33;104568,7
Greece;34;104568,7
Greece;35;104568,7
Greece;36;89487,2
Greece;37;0
Greece;38;0
Greece;39;0
Greece;40;0
Greece;41;0
Greece;42;0
Greece;43;0
Greece;44;0
Greece;45;0
Greece;46;0
Greece;47;0
Greece;48;0
Greece;49;0
Greece;50;0
Greece;51;0
Greece;52;0
Greece;53;0
Greece;54;0
Greece;55;0
Greece;56;0
Greece;57;0
Greece;58;0
Greece;59;0
Greece;60;0
Greece;61;0
Greece;62;0
Greece;63;0
Greece;64;0
Greece;65;0
Greece;66;0
Greece;67;0
Greece;68;0
Greece;69;0
Greece;70;0
Greece;71;0
Greece;72;0
Greece;73;0
Greece;74;0
Greece;75;0
Greece;76;0
Greece;77;0
Greece;78;0
Greece;79;0
Greece;80;0
Greece;81;0
Greece;82;0
Greece;83;0
Greece;84;0
Greece;85;0
Greece;86;0
Greece;87;0
Greece;88;0
Greece;89;0
Greece;90;0
Greece;91;0
Greece;92;0
Greece;93;0
Greece;94;0
Greece;95;0
Greece;96;0
Greece;97;0
Greece;98;0
Greece;99;0
Greece;100;0
Greece;101;0
Greece;102;0
Greece;103;0
Greece;104;0
Greece;105;0
Greece;106;0
Greece;107;0
Greece;108;0
Greece;109;0
Greece;110;0
Greece;111;0
Greece;112;0
Greece;113;0
Greece;114;0
Greece;115;0
Greece;116;0
Greece;117;0
Greece;118;0
Greece;119;0
Greece;120;0
Greece;121;0
Croatia;1;71464
Croatia;2;61338,25
Croatia;3;61338,25
Croatia;4;61338,25
Croatia;5;61338,25
Croatia;6;67358,25
Croatia;7;67358,25
Croatia;8;67358,25
Croatia;9;67358,25
Croatia;10;67358,25
Croatia;11;67358,25
Croatia;12;67358,25
Croatia;13;67358,25
Croatia;14;67358,25
Croatia;15;67358,25
Croatia;16;67358,25
Croatia;17;67358,25
Croatia;18;67358,25
Croatia;19;67358,25
Croatia;20;67358,25
Croatia;21;67358,25
Croatia;22;67358,25
Croatia;23;67358,25
Croatia;24;67358,25
Croatia;25;67358,25
Croatia;26;67358,25
Croatia;27;63011,75
Croatia;28;0
Croatia;29;0
Croatia;30;0
Croatia;31;0
Croatia;32;0
Croatia;33;0
Croatia;34;0
Croatia;35;0
Croatia;36;0
Croatia;37;0
Croatia;38;0
Croatia;39;0
Croatia;40;0
Croatia;41;0
Croatia;42;0
Croatia;43;0
Croatia;44;0
Croatia;45;0
Croatia;46;0
Croatia;47;0
Croatia;48;0
Croatia;49;0
Croatia;50;0
Croatia;51;0
Croatia;52;0
Croatia;53;0
Croatia;54;0
Croatia;55;0
Croatia;56;0
Croatia;57;0
Croatia;58;0
Croatia;59;0
Croatia;60;0
Croatia;61;0
Croatia;62;0
Croatia;63;0
Croatia;64;0
Croatia;65;0
Croatia;66;0
Croatia;67;0
Croatia;68;0
Croatia;69;0
Croatia;70;0
Croatia;71;0
Croatia;72;0
Croatia;73;0
Croatia;74;0
Croatia;75;0
Croatia;76;0
Croatia;77;0
Croatia;78;0
Croatia;79;0
Croatia;80;0
Croatia;81;0
Croatia;82;0
Croatia;83;0
Croatia;84;0
Croatia;85;0
Croatia;86;0
Croatia;87;0
Croatia;88;0
Croatia;89;0
Croatia;90;0
Croatia;91;0
Croatia;92;0
Croatia;93;0
Croatia;94;0
Croatia;95;0
Croatia;96;0
Croatia;97;0
Croatia;98;0
Croatia;99;0
Croatia;100;0
Croatia;101;0
Croatia;102;0
Croatia;103;0
Croatia;104;0
Croatia;105;0
Croatia;106;0
Croatia;107;0
Croatia;108;0
Croatia;109;0
Croatia;110;0
Croatia;111;0
Croatia;112;0
Croatia;113;0
Croatia;114;0
Croatia;115;0
Croatia;116;0
Croatia;117;0
Croatia;118;0
Croatia;119;0
Croatia;120;0
Croatia;121;0
Hungary;1;65064
Hungary;2;97014
Hungary;3;129645
Hungary;4;124664
Hungary;5;117735
Hungary;6;110258
Hungary;7;101884
Hungary;8;98079
Hungary;9;96304
Hungary;10;102723
Hungary;11;110359
Hungary;12;103672
Hungary;13;109063
Hungary;14;206586
Hungary;15;239175
Hungary;16;257308
Hungary;17;268047
Hungary;18;278284
Hungary;19;259854
Hungary;20;216500
Hungary;21;180612
Hungary;22;160564
Hungary;23;138618
Hungary;24;99837
Hungary;25;66493
Hungary;26;58437
Hungary;27;37530
Hungary;28;37812
Hungary;29;27459
Hungary;30;18321
Hungary;31;13228
Hungary;32;18201
Hungary;33;12812
Hungary;34;8040
Hungary;35;7457
Hungary;36;6493
Hungary;37;5585
Hungary;38;4460
Hungary;39;3659
Hungary;40;3085
Hungary;41;2548
Hungary;42;2349
Hungary;43;1875
Hungary;44;1484
Hungary;45;1211
Hungary;46;801
Hungary;47;842
Hungary;48;1023
Hungary;49;824
Hungary;50;872
Hungary;51;1099
Hungary;52;909
Hungary;53;647
Hungary;54;402
Hungary;55;415
Hungary;56;340
Hungary;57;252
Hungary;58;190
Hungary;59;194
Hungary;60;135
Hungary;61;103
Hungary;62;107
Hungary;63;83
Hungary;64;66
Hungary;65;53
Hungary;66;47
Hungary;67;29
Hungary;68;25
Hungary;69;30
Hungary;70;19
Hungary;71;11
Hungary;72;16
Hungary;73;11
Hungary;74;10
Hungary;75;7
Hungary;76;4
Hungary;77;3
Hungary;78;4
Hungary;79;8
Hungary;80;10
Hungary;81;10
Hungary;82;4
Hungary;83;20
Hungary;84;19
Hungary;85;17
Hungary;86;13
Hungary;87;6
Hungary;88;4
Hungary;89;5
Hungary;90;3
Hungary;91;8
Hungary;92;4
Hungary;93;12
Hungary;94;7
Hungary;95;7
Hungary;96;6
Hungary;97;8
Hungary;98;1
Hungary;99;5
Hungary;100;3
Hungary;101;1
Hungary;102;0
Hungary;103;2
Hungary;104;1
Hungary;105;3
Hungary;106;0
Hungary;107;2
Hungary;108;1
Hungary;109;1
Hungary;110;1
Hungary;111;1
Hungary;112;0
Hungary;113;0
Hungary;114;0
Hungary;115;0
Hungary;116;0
Hungary;117;0
Hungary;118;1
Hungary;119;0
Hungary;120;1
Hungary;121;0
Ireland;1;90566
Ireland;2;153960
Ireland;3;213547
Ireland;4;208888
Ireland;5;205371
Ireland;6;197867
Ireland;7;153377
Ireland;8;128083
Ireland;9;101619
Ireland;10;94807
Ireland;11;102082
Ireland;12;94873
Ireland;13;58717
Ireland;14;116433
Ireland;15;107374
Ireland;16;77679
Ireland;17;52182
Ireland;18;32232
Ireland;19;18947
Ireland;20;12059
Ireland;21;8224
Ireland;22;8447
Ireland;23;8447
Ireland;24;3133
Ireland;25;0
Ireland;26;0
Ireland;27;0
Ireland;28;0
Ireland;29;0
Ireland;30;0
Ireland;31;0
Ireland;32;0
Ireland;33;0
Ireland;34;0
Ireland;35;0
Ireland;36;0
Ireland;37;0
Ireland;38;0
Ireland;39;0
Ireland;40;0
Ireland;41;0
Ireland;42;0
Ireland;43;0
Ireland;44;0
Ireland;45;0
Ireland;46;0
Ireland;47;0
Ireland;48;0
Ireland;49;0
Ireland;50;0
Ireland;51;0
Ireland;52;0
Ireland;53;0
Ireland;54;0
Ireland;55;0
Ireland;56;0
Ireland;57;0
Ireland;58;0
Ireland;59;0
Ireland;60;0
Ireland;61;0
Ireland;62;0
Ireland;63;0
Ireland;64;0
Ireland;65;0
Ireland;66;0
Ireland;67;0
Ireland;68;0
Ireland;69;0
Ireland;70;0
Ireland;71;0
Ireland;72;0
Ireland;73;0
Ireland;74;0
Ireland;75;0
Ireland;76;0
Ireland;77;0
Ireland;78;0
Ireland;79;0
Ireland;80;0
Ireland;81;0
Ireland;82;0
Ireland;83;0
Ireland;84;0
Ireland;85;0
Ireland;86;0
Ireland;87;0
Ireland;88;0
Ireland;89;0
Ireland;90;0
Ireland;91;0
Ireland;92;0
Ireland;93;0
Ireland;94;0
Ireland;95;0
Ireland;96;0
Ireland;97;0
Ireland;98;0
Ireland;99;0
Ireland;100;0
Ireland;101;0
Ireland;102;0
Ireland;103;0
Ireland;104;0
Ireland;105;0
Ireland;106;0
Ireland;107;0
Ireland;108;0
Ireland;109;0
Ireland;110;0
Ireland;111;0
Ireland;112;0
Ireland;113;0
Ireland;114;0
Ireland;115;0
Ireland;116;0
Ireland;117;0
Ireland;118;0
Ireland;119;0
Ireland;120;0
Ireland;121;0
Iceland;1;13989
Iceland;2;10359
Iceland;3;12553
Iceland;4;19552
Iceland;5;23803
Iceland;6;20540
Iceland;7;14813
Iceland;8;10283
Iceland;9;7815
Iceland;10;8265
Iceland;11;5159
Iceland;12;3098
Iceland;13;1910
Iceland;14;7668
Iceland;15;12818
Iceland;16;12562
Iceland;17;11754
Iceland;18;6928
Iceland;19;4624
Iceland;20;2639
Iceland;21;2078
Iceland;22;2619
Iceland;23;2205
Iceland;24;1545
Iceland;25;1020
Iceland;26;738
Iceland;27;565
Iceland;28;520
Iceland;29;452
Iceland;30;502
Iceland;31;527
Iceland;32;399
Iceland;33;241
Iceland;34;328
Iceland;35;350
Iceland;36;246
Iceland;37;140
Iceland;38;120
Iceland;39;99
Iceland;40;100
Iceland;41;103
Iceland;42;95
Iceland;43;106
Iceland;44;102
Iceland;45;93
Iceland;46;60
Iceland;47;50
Iceland;48;90
Iceland;49;81
Iceland;50;66
Iceland;51;52
Iceland;52;67
Iceland;53;46
Iceland;54;46
Iceland;55;59
Iceland;56;50
Iceland;57;51
Iceland;58;35
Iceland;59;29
Iceland;60;24
Iceland;61;12
Iceland;62;8
Iceland;63;24
Iceland;64;21
Iceland;65;25
Iceland;66;28
Iceland;67;34
Iceland;68;14
Iceland;69;6
Iceland;70;4
Iceland;71;4
Iceland;72;6
Iceland;73;3
Iceland;74;8
Iceland;75;10
Iceland;76;16
Iceland;77;3
Iceland;78;2
Iceland;79;0
Iceland;80;6
Iceland;81;1
Iceland;82;2
Iceland;83;2
Iceland;84;0
Iceland;85;1
Iceland;86;3
Iceland;87;0
Iceland;88;0
Iceland;89;1
Iceland;90;1
Iceland;91;2
Iceland;92;7
Iceland;93;3
Iceland;94;0
Iceland;95;1
Iceland;96;3
Iceland;97;0
Iceland;98;1
Iceland;99;0
Iceland;100;0
Iceland;101;0
Iceland;102;0
Iceland;103;0
Iceland;104;0
Iceland;105;0
Iceland;106;0
Iceland;107;1
Iceland;108;0
Iceland;109;0
Iceland;110;0
Iceland;111;0
Iceland;112;0
Iceland;113;0
Iceland;114;0
Iceland;115;0
Iceland;116;0
Iceland;117;0
Iceland;118;0
Iceland;119;0
Iceland;120;0
Iceland;121;2
Italy;1;1600098
Italy;2;1484385
Italy;3;2030802
Italy;4;1975889
Italy;5;1998215
Italy;6;1838536
Italy;7;1565739
Italy;8;1322246
Italy;9;1234916
Italy;10;1282856
Italy;11;1573702
Italy;12;1720536
Italy;13;1831392
Italy;14;1713775
Italy;15;1910738
Italy;16;1667755
Italy;17;1455286
Italy;18;1339197
Italy;19;1148859
Italy;20;1003091
Italy;21;1003091
Italy;22;1003091
Italy;23;1003091
Italy;24;1003091
Italy;25;1003091
Italy;26;1003091
Italy;27;1003091
Italy;28;1003091
Italy;29;99982
Italy;30;0
Italy;31;0
Italy;32;0
Italy;33;0
Italy;34;0
Italy;35;0
Italy;36;0
Italy;37;0
Italy;38;0
Italy;39;0
Italy;40;0
Italy;41;0
Italy;42;0
Italy;43;0
Italy;44;0
Italy;45;0
Italy;46;0
Italy;47;0
Italy;48;0
Italy;49;0
Italy;50;0
Italy;51;0
Italy;52;0
Italy;53;0
Italy;54;0
Italy;55;0
Italy;56;0
Italy;57;0
Italy;58;0
Italy;59;0
Italy;60;0
Italy;61;0
Italy;62;0
Italy;63;0
Italy;64;0
Italy;65;0
Italy;66;0
Italy;67;0
Italy;68;0
Italy;69;0
Italy;70;0
Italy;71;0
Italy;72;0
Italy;73;0
Italy;74;0
Italy;75;0
Italy;76;0
Italy;77;0
Italy;78;0
Italy;79;0
Italy;80;0
Italy;81;0
Italy;82;0
Italy;83;0
Italy;84;0
Italy;85;0
Italy;86;0
Italy;87;0
Italy;88;0
Italy;89;0
Italy;90;0
Italy;91;0
Italy;92;0
Italy;93;0
Italy;94;0
Italy;95;0
Italy;96;0
Italy;97;0
Italy;98;0
Italy;99;0
Italy;100;0
Italy;101;0
Italy;102;0
Italy;103;0
Italy;104;0
Italy;105;0
Italy;106;0
Italy;107;0
Italy;108;0
Italy;109;0
Italy;110;0
Italy;111;0
Italy;112;0
Italy;113;0
Italy;114;0
Italy;115;0
Italy;116;0
Italy;117;0
Italy;118;0
Italy;119;0
Italy;120;0
Italy;121;0
Liechtenstein;1;1536
Liechtenstein;2;1687
Liechtenstein;3;2280
Liechtenstein;4;2182
Liechtenstein;5;2170
Liechtenstein;6;2114
Liechtenstein;7;2143
Liechtenstein;8;1895
Liechtenstein;9;1895
Liechtenstein;10;1893
Liechtenstein;11;1607
Liechtenstein;12;1328
Liechtenstein;13;1073
Liechtenstein;14;979
Liechtenstein;15;863
Liechtenstein;16;710
Liechtenstein;17;511
Liechtenstein;18;464
Liechtenstein;19;336
Liechtenstein;20;316
Liechtenstein;21;271
Liechtenstein;22;232
Liechtenstein;23;183
Liechtenstein;24;126
Liechtenstein;25;92
Liechtenstein;26;85
Liechtenstein;27;45
Liechtenstein;28;57
Liechtenstein;29;48
Liechtenstein;30;54
Liechtenstein;31;44
Liechtenstein;32;47
Liechtenstein;33;33
Liechtenstein;34;39
Liechtenstein;35;36
Liechtenstein;36;20
Liechtenstein;37;10
Liechtenstein;38;19
Liechtenstein;39;31
Liechtenstein;40;23
Liechtenstein;41;16
Liechtenstein;42;20
Liechtenstein;43;19
Liechtenstein;44;27
Liechtenstein;45;21
Liechtenstein;46;21
Liechtenstein;47;13
Liechtenstein;48;33
Liechtenstein;49;28
Liechtenstein;50;31
Liechtenstein;51;30
Liechtenstein;52;52
Liechtenstein;53;40
Liechtenstein;54;35
Liechtenstein;55;35
Liechtenstein;56;33
Liechtenstein;57;31
Liechtenstein;58;23
Liechtenstein;59;16
Liechtenstein;60;16
Liechtenstein;61;20
Liechtenstein;62;12
Liechtenstein;63;12
Liechtenstein;64;12
Liechtenstein;65;12
Liechtenstein;66;12
Liechtenstein;67;12
Liechtenstein;68;12
Liechtenstein;69;12
Liechtenstein;70;12
Liechtenstein;71;12
Liechtenstein;72;12
Liechtenstein;73;12
Liechtenstein;74;12
Liechtenstein;75;12
Liechtenstein;76;12
Liechtenstein;77;4
Liechtenstein;78;0
Liechtenstein;79;0
Liechtenstein;80;0
Liechtenstein;81;0
Liechtenstein;82;0
Liechtenstein;83;0
Liechtenstein;84;0
Liechtenstein;85;0
Liechtenstein;86;0
Liechtenstein;87;0
Liechtenstein;88;0
Liechtenstein;89;0
Liechtenstein;90;0
Liechtenstein;91;0
Liechtenstein;92;0
Liechtenstein;93;0
Liechtenstein;94;0
Liechtenstein;95;0
Liechtenstein;96;0
Liechtenstein;97;0
Liechtenstein;98;0
Liechtenstein;99;0
Liechtenstein;100;0
Liechtenstein;101;0
Liechtenstein;102;0
Liechtenstein;103;0
Liechtenstein;104;0
Liechtenstein;105;0
Liechtenstein;106;0
Liechtenstein;107;0
Liechtenstein;108;0
Liechtenstein;109;0
Liechtenstein;110;0
Liechtenstein;111;0
Liechtenstein;112;0
Liechtenstein;113;0
Liechtenstein;114;0
Liechtenstein;115;0
Liechtenstein;116;0
Liechtenstein;117;0
Liechtenstein;118;0
Liechtenstein;119;0
Liechtenstein;120;0
Liechtenstein;121;0
Lithuania;1;24060
Lithuania;2;22461
Lithuania;3;19419
Lithuania;4;26124
Lithuania;5;27942
Lithuania;6;29622
Lithuania;7;29520
Lithuania;8;30272
Lithuania;9;30291
Lithuania;10;33079
Lithuania;11;40940
Lithuania;12;51022
Lithuania;13;50356
Lithuania;14;60692
Lithuania;15;90123
Lithuania;16;104508
Lithuania;17;99622
Lithuania;18;92485
Lithuania;19;82977
Lithuania;20;65951
Lithuania;21;55338
Lithuania;22;43080
Lithuania;23;37028
Lithuania;24;32877
Lithuania;25;24821
Lithuania;26;16448
Lithuania;27;11920
Lithuania;28;8161
Lithuania;29;6222
Lithuania;30;4016
Lithuania;31;3969
Lithuania;32;2802
Lithuania;33;1660
Lithuania;34;977
Lithuania;35;699
Lithuania;36;402
Lithuania;37;173
Lithuania;38;73
Lithuania;39;38
Lithuania;40;23
Lithuania;41;14
Lithuania;42;11
Lithuania;43;6
Lithuania;44;5
Lithuania;45;5
Lithuania;46;6
Lithuania;47;2
Lithuania;48;2
Lithuania;49;4
Lithuania;50;7
Lithuania;51;3
Lithuania;52;2
Lithuania;53;3
Lithuania;54;3
Lithuania;55;1
Lithuania;56;2
Lithuania;57;3
Lithuania;58;2
Lithuania;59;2
Lithuania;60;0
Lithuania;61;2
Lithuania;62;0
Lithuania;63;1
Lithuania;64;0
Lithuania;65;0
Lithuania;66;1
Lithuania;67;1
Lithuania;68;2
Lithuania;69;0
Lithuania;70;0
Lithuania;71;0
Lithuania;72;1
Lithuania;73;0
Lithuania;74;0
Lithuania;75;0
Lithuania;76;0
Lithuania;77;0
Lithuania;78;0
Lithuania;79;0
Lithuania;80;0
Lithuania;81;0
Lithuania;82;0
Lithuania;83;0
Lithuania;84;0
Lithuania;85;0
Lithuania;86;0
Lithuania;87;0
Lithuania;88;0
Lithuania;89;0
Lithuania;90;0
Lithuania;91;0
Lithuania;92;0
Lithuania;93;0
Lithuania;94;0
Lithuania;95;0
Lithuania;96;0
Lithuania;97;0
Lithuania;98;0
Lithuania;99;0
Lithuania;100;0
Lithuania;101;0
Lithuania;102;0
Lithuania;103;0
Lithuania;104;0
Lithuania;105;0
Lithuania;106;0
Lithuania;107;0
Lithuania;108;0
Lithuania;109;0
Lithuania;110;0
Lithuania;111;0
Lithuania;112;0
Lithuania;113;0
Lithuania;114;0
Lithuania;115;0
Lithuania;116;0
Lithuania;117;0
Lithuania;118;0
Lithuania;119;0
Lithuania;120;0
Lithuania;121;0
Luxembourg;1;43530
Luxembourg;2;43729
Luxembourg;3;49651
Luxembourg;4;41827
Luxembourg;5;36320
Luxembourg;6;31041
Luxembourg;7;25065
Luxembourg;8;23954
Luxembourg;9;19074
Luxembourg;10;17783
Luxembourg;11;16032
Luxembourg;12;14229
Luxembourg;13;11664
Luxembourg;14;10503
Luxembourg;15;8712
Luxembourg;16;7285
Luxembourg;17;6085
Luxembourg;18;5091
Luxembourg;19;4095
Luxembourg;20;3303
Luxembourg;21;2349
Luxembourg;22;2111
Luxembourg;23;1768
Luxembourg;24;1336
Luxembourg;25;1041
Luxembourg;26;939
Luxembourg;27;775
Luxembourg;28;712
Luxembourg;29;682
Luxembourg;30;829
Luxembourg;31;857
Luxembourg;32;863
Luxembourg;33;615
Luxembourg;34;575
Luxembourg;35;439
Luxembourg;36;447
Luxembourg;37;345
Luxembourg;38;304
Luxembourg;39;305
Luxembourg;40;256
Luxembourg;41;194
Luxembourg;42;220
Luxembourg;43;315
Luxembourg;44;281
Luxembourg;45;224
Luxembourg;46;197
Luxembourg;47;229
Luxembourg;48;277
Luxembourg;49;386
Luxembourg;50;403
Luxembourg;51;325
Luxembourg;52;356
Luxembourg;53;284
Luxembourg;54;292
Luxembourg;55;291
Luxembourg;56;306
Luxembourg;57;223
Luxembourg;58;150
Luxembourg;59;110
Luxembourg;60;100
Luxembourg;61;93
Luxembourg;62;128
Luxembourg;63;101
Luxembourg;64;76
Luxembourg;65;84
Luxembourg;66;77
Luxembourg;67;74
Luxembourg;68;74
Luxembourg;69;58
Luxembourg;70;41
Luxembourg;71;41
Luxembourg;72;33
Luxembourg;73;45
Luxembourg;74;39
Luxembourg;75;31
Luxembourg;76;20
Luxembourg;77;19
Luxembourg;78;60
Luxembourg;79;42
Luxembourg;80;62
Luxembourg;81;6
Luxembourg;82;13
Luxembourg;83;19
Luxembourg;84;23
Luxembourg;85;25
Luxembourg;86;22
Luxembourg;87;14
Luxembourg;88;35
Luxembourg;89;31
Luxembourg;90;18
Luxembourg;91;24
Luxembourg;92;44
Luxembourg;93;33
Luxembourg;94;24
Luxembourg;95;20
Luxembourg;96;9
Luxembourg;97;14
Luxembourg;98;9
Luxembourg;99;6
Luxembourg;100;6
Luxembourg;101;2
Luxembourg;102;1
Luxembourg;103;2
Luxembourg;104;4
Luxembourg;105;1
Luxembourg;106;0
Luxembourg;107;0
Luxembourg;108;4
Luxembourg;109;1
Luxembourg;110;3
Luxembourg;111;1
Luxembourg;112;0
Luxembourg;113;1
Luxembourg;114;1
Luxembourg;115;1
Luxembourg;116;0
Luxembourg;117;0
Luxembourg;118;1
Luxembourg;119;0
Luxembourg;120;1
Luxembourg;121;0
Latvia;1;13641
Latvia;2;12165
Latvia;3;16449
Latvia;4;16414
Latvia;5;18373
Latvia;6;17478
Latvia;7;17768
Latvia;8;18640
Latvia;9;18723
Latvia;10;22655
Latvia;11;26205
Latvia;12;23604
Latvia;13;26646
Latvia;14;47523
Latvia;15;64282
Latvia;16;59142
Latvia;17;51680
Latvia;18;46585
Latvia;19;39069
Latvia;20;34599
Latvia;21;27537
Latvia;22;26805
Latvia;23;24808
Latvia;24;18422
Latvia;25;12952
Latvia;26;11658
Latvia;27;8951
Latvia;28;7885
Latvia;29;5108
Latvia;30;4868
Latvia;31;3935
Latvia;32;2707
Latvia;33;2156
Latvia;34;1826
Latvia;35;1370
Latvia;36;957
Latvia;37;818
Latvia;38;607
Latvia;39;446
Latvia;40;307
Latvia;41;212
Latvia;42;186
Latvia;43;211
Latvia;44;147
Latvia;45;181
Latvia;46;176
Latvia;47;183
Latvia;48;153
Latvia;49;139
Latvia;50;85
Latvia;51;61
Latvia;52;63
Latvia;53;55
Latvia;54;41
Latvia;55;54
Latvia;56;37
Latvia;57;32
Latvia;58;30
Latvia;59;30
Latvia;60;31
Latvia;61;33
Latvia;62;35
Latvia;63;30
Latvia;64;22
Latvia;65;14
Latvia;66;21
Latvia;67;22
Latvia;68;10
Latvia;69;9
Latvia;70;4
Latvia;71;9
Latvia;72;6
Latvia;73;6
Latvia;74;5
Latvia;75;2
Latvia;76;1
Latvia;77;0
Latvia;78;4
Latvia;79;6
Latvia;80;2
Latvia;81;1
Latvia;82;3
Latvia;83;14
Latvia;84;8
Latvia;85;10
Latvia;86;9
Latvia;87;5
Latvia;88;2
Latvia;89;4
Latvia;90;2
Latvia;91;3
Latvia;92;3
Latvia;93;8
Latvia;94;3
Latvia;95;2
Latvia;96;3
Latvia;97;1
Latvia;98;2
Latvia;99;3
Latvia;100;1
Latvia;101;1
Latvia;102;1
Latvia;103;0
Latvia;104;0
Latvia;105;0
Latvia;106;0
Latvia;107;1
Latvia;108;0
Latvia;109;1
Latvia;110;0
Latvia;111;1
Latvia;112;1
Latvia;113;0
Latvia;114;0
Latvia;115;0
Latvia;116;1
Latvia;117;0
Latvia;118;0
Latvia;119;1
Latvia;120;0
Latvia;121;0
Malta;1;9777
Malta;2;9560,333333
Malta;3;9560,333333
Malta;4;9560,333333
Malta;5;13509,6
Malta;6;13509,6
Malta;7;13509,6
Malta;8;13509,6
Malta;9;13509,6
Malta;10;11881,7
Malta;11;11881,7
Malta;12;11881,7
Malta;13;11881,7
Malta;14;11881,7
Malta;15;11881,7
Malta;16;11881,7
Malta;17;11881,7
Malta;18;11881,7
Malta;19;11881,7
Malta;20;6255,2
Malta;21;6255,2
Malta;22;6255,2
Malta;23;6255,2
Malta;24;6255,2
Malta;25;6255,2
Malta;26;6255,2
Malta;27;6255,2
Malta;28;6255,2
Malta;29;6255,2
Malta;30;1248,2
Malta;31;1248,2
Malta;32;1248,2
Malta;33;1248,2
Malta;34;1248,2
Malta;35;1248,2
Malta;36;1248,2
Malta;37;1248,2
Malta;38;1248,2
Malta;39;1248,2
Malta;40;448,6
Malta;41;448,6
Malta;42;448,6
Malta;43;448,6
Malta;44;448,6
Malta;45;448,6
Malta;46;448,6
Malta;47;448,6
Malta;48;448,6
Malta;49;448,6
Malta;50;307,7
Malta;51;307,7
Malta;52;307,7
Malta;53;307,7
Malta;54;307,7
Malta;55;307,7
Malta;56;307,7
Malta;57;307,7
Malta;58;307,7
Malta;59;307,7
Malta;60;67,9
Malta;61;67,9
Malta;62;67,9
Malta;63;67,9
Malta;64;67,9
Malta;65;67,9
Malta;66;67,9
Malta;67;67,9
Malta;68;67,9
Malta;69;67,9
Malta;70;10,5
Malta;71;10,5
Malta;72;10,5
Malta;73;10,5
Malta;74;10,5
Malta;75;10,5
Malta;76;10,5
Malta;77;10,5
Malta;78;10,5
Malta;79;10,5
Malta;80;10,5
Malta;81;10,5
Malta;82;10,5
Malta;83;10,5
Malta;84;10,5
Malta;85;10,5
Malta;86;10,5
Malta;87;10,5
Malta;88;10,5
Malta;89;10,5
Malta;90;10,5
Malta;91;10,5
Malta;92;10,5
Malta;93;10,5
Malta;94;7
Malta;95;0
Malta;96;0
Malta;97;0
Malta;98;0
Malta;99;0
Malta;100;0
Malta;101;0
Malta;102;0
Malta;103;0
Malta;104;0
Malta;105;0
Malta;106;0
Malta;107;0
Malta;108;0
Malta;109;0
Malta;110;0
Malta;111;0
Malta;112;0
Malta;113;0
Malta;114;0
Malta;115;0
Malta;116;0
Malta;117;0
Malta;118;0
Malta;119;0
Malta;120;0
Malta;121;0
Netherlands;1;320706
Netherlands;2;393723
Netherlands;3;509720
Netherlands;4;510841
Netherlands;5;474114
Netherlands;6;435517
Netherlands;7;469171
Netherlands;8;428816
Netherlands;9;446483
Netherlands;10;505942
Netherlands;11;544903
Netherlands;12;475847
Netherlands;13;381837
Netherlands;14;400452
Netherlands;15;375152
Netherlands;16;357967
Netherlands;17;304411
Netherlands;18;280689
Netherlands;19;238567
Netherlands;20;199533
Netherlands;21;151799
Netherlands;22;129206
Netherlands;23;91669
Netherlands;24;56028
Netherlands;25;37438
Netherlands;26;26353
Netherlands;27;17701
Netherlands;28;13114
Netherlands;29;10798
Netherlands;30;11873
Netherlands;31;10831
Netherlands;32;8827
Netherlands;33;6704
Netherlands;34;5920
Netherlands;35;8449
Netherlands;36;12312
Netherlands;37;8645
Netherlands;38;7567
Netherlands;39;7844
Netherlands;40;6120
Netherlands;41;5199
Netherlands;42;5423
Netherlands;43;7490
Netherlands;44;7289
Netherlands;45;6628
Netherlands;46;5530
Netherlands;47;6089
Netherlands;48;7223
Netherlands;49;9286
Netherlands;50;9351
Netherlands;51;7632
Netherlands;52;7077
Netherlands;53;6442
Netherlands;54;5833
Netherlands;55;5452
Netherlands;56;4637
Netherlands;57;4327
Netherlands;58;2925
Netherlands;59;2170
Netherlands;60;1996
Netherlands;61;1666
Netherlands;62;2196
Netherlands;63;2212
Netherlands;64;1768
Netherlands;65;1904
Netherlands;66;2325
Netherlands;67;1582
Netherlands;68;1080
Netherlands;69;1095
Netherlands;70;930
Netherlands;71;724
Netherlands;72;603
Netherlands;73;428
Netherlands;74;421
Netherlands;75;260
Netherlands;76;135
Netherlands;77;149
Netherlands;78;344
Netherlands;79;538
Netherlands;80;622
Netherlands;81;204
Netherlands;82;97
Netherlands;83;262
Netherlands;84;280
Netherlands;85;277
Netherlands;86;286
Netherlands;87;254
Netherlands;88;284
Netherlands;89;233
Netherlands;90;271
Netherlands;91;438
Netherlands;92;537
Netherlands;93;430
Netherlands;94;320
Netherlands;95;134
Netherlands;96;131
Netherlands;97;118
Netherlands;98;90
Netherlands;99;76
Netherlands;100;65
Netherlands;101;22
Netherlands;102;35
Netherlands;103;16
Netherlands;104;9
Netherlands;105;9
Netherlands;106;10
Netherlands;107;27
Netherlands;108;42
Netherlands;109;27
Netherlands;110;26
Netherlands;111;23
Netherlands;112;22
Netherlands;113;12
Netherlands;114;11
Netherlands;115;8
Netherlands;116;5
Netherlands;117;8
Netherlands;118;12
Netherlands;119;5
Netherlands;120;6
Netherlands;121;5
Norway;1;177590
Norway;2;148447
Norway;3;145626
Norway;4;152119
Norway;5;164208
Norway;6;161117
Norway;7;163695
Norway;8;154275
Norway;9;155601
Norway;10;153068
Norway;11;154358
Norway;12;140216
Norway;13;107107
Norway;14;115127
Norway;15;126593
Norway;16;103035
Norway;17;87044
Norway;18;79852
Norway;19;50746
Norway;20;40305
Norway;21;31602
Norway;22;29078
Norway;23;20827
Norway;24;18962
Norway;25;13911
Norway;26;11326
Norway;27;7810
Norway;28;6449
Norway;29;4799
Norway;30;5049
Norway;31;5015
Norway;32;4657
Norway;33;3260
Norway;34;3411
Norway;35;4350
Norway;36;5388
Norway;37;4525
Norway;38;3071
Norway;39;3138
Norway;40;2775
Norway;41;2162
Norway;42;2087
Norway;43;2697
Norway;44;2808
Norway;45;2984
Norway;46;2453
Norway;47;2342
Norway;48;2581
Norway;49;3429
Norway;50;3069
Norway;51;2865
Norway;52;3244
Norway;53;4573
Norway;54;3682
Norway;55;3602
Norway;56;3400
Norway;57;3155
Norway;58;2325
Norway;59;1615
Norway;60;1358
Norway;61;1172
Norway;62;975
Norway;63;1279
Norway;64;1270
Norway;65;1521
Norway;66;1008
Norway;67;956
Norway;68;604
Norway;69;532
Norway;70;462
Norway;71;309
Norway;72;239
Norway;73;216
Norway;74;176
Norway;75;152
Norway;76;122
Norway;77;143
Norway;78;292
Norway;79;417
Norway;80;222
Norway;81;104
Norway;82;141
Norway;83;253
Norway;84;258
Norway;85;285
Norway;86;196
Norway;87;150
Norway;88;248
Norway;89;169
Norway;90;254
Norway;91;467
Norway;92;416
Norway;93;328
Norway;94;235
Norway;95;139
Norway;96;111
Norway;97;74
Norway;98;55
Norway;99;62
Norway;100;51
Norway;101;12
Norway;102;28
Norway;103;28
Norway;104;3
Norway;105;16
Norway;106;15
Norway;107;12
Norway;108;19
Norway;109;17
Norway;110;14
Norway;111;8
Norway;112;17
Norway;113;3
Norway;114;4
Norway;115;3
Norway;116;5
Norway;117;5
Norway;118;4
Norway;119;3
Norway;120;1
Norway;121;2
Poland;1;339633
Poland;2;383169
Poland;3;524438
Poland;4;528836
Poland;5;563456
Poland;6;527725
Poland;7;508045
Poland;8;500105
Poland;9;480538
Poland;10;559304
Poland;11;651668
Poland;12;681226
Poland;13;767333
Poland;14;976216
Poland;15;1066208
Poland;16;1048780
Poland;17;1060939
Poland;18;1099572
Poland;19;1034664
Poland;20;920464
Poland;21;833712
Poland;22;832025
Poland;23;839564
Poland;24;631585
Poland;25;441979
Poland;26;328981
Poland;27;237535
Poland;28;178829
Poland;29;130125
Poland;30;112719
Poland;31;97876
Poland;32;61204
Poland;33;40518
Poland;34;31248
Poland;35;22891
Poland;36;16114
Poland;37;11605
Poland;38;9702
Poland;39;9131
Poland;40;6989
Poland;41;6989
Poland;42;6989
Poland;43;6989
Poland;44;6989
Poland;45;6989
Poland;46;6989
Poland;47;6989
Poland;48;6989
Poland;49;6989
Poland;50;1326
Poland;51;0
Poland;52;0
Poland;53;0
Poland;54;0
Poland;55;0
Poland;56;0
Poland;57;0
Poland;58;0
Poland;59;0
Poland;60;0
Poland;61;0
Poland;62;0
Poland;63;0
Poland;64;0
Poland;65;0
Poland;66;0
Poland;67;0
Poland;68;0
Poland;69;0
Poland;70;0
Poland;71;0
Poland;72;0
Poland;73;0
Poland;74;0
Poland;75;0
Poland;76;0
Poland;77;0
Poland;78;0
Poland;79;0
Poland;80;0
Poland;81;0
Poland;82;0
Poland;83;0
Poland;84;0
Poland;85;0
Poland;86;0
Poland;87;0
Poland;88;0
Poland;89;0
Poland;90;0
Poland;91;0
Poland;92;0
Poland;93;0
Poland;94;0
Poland;95;0
Poland;96;0
Poland;97;0
Poland;98;0
Poland;99;0
Poland;100;0
Poland;101;0
Poland;102;0
Poland;103;0
Poland;104;0
Poland;105;0
Poland;106;0
Poland;107;0
Poland;108;0
Poland;109;0
Poland;110;0
Poland;111;0
Poland;112;0
Poland;113;0
Poland;114;0
Poland;115;0
Poland;116;0
Poland;117;0
Poland;118;0
Poland;119;0
Poland;120;0
Poland;121;0
Portugal;1;146641
Portugal;2;146154
Portugal;3;226498
Portugal;4;243474
Portugal;5;256485
Portugal;6;253380
Portugal;7;228560
Portugal;8;192999
Portugal;9;155043
Portugal;10;137840
Portugal;11;182215
Portugal;12;237120
Portugal;13;173358
Portugal;14;226542
Portugal;15;206097
Portugal;16;195110
Portugal;17;206676
Portugal;18;204036
Portugal;19;193639
Portugal;20;222353
Portugal;21;234960
Portugal;22;244846
Portugal;23;225255
Portugal;24;183637
Portugal;25;134798
Portugal;26;110538
Portugal;27;82575
Portugal;28;78600
Portugal;29;63599
Portugal;30;56713
Portugal;31;37399
Portugal;32;29725
Portugal;33;23459
Portugal;34;20253
Portugal;35;12800
Portugal;36;9460
Portugal;37;6481
Portugal;38;3927
Portugal;39;3313
Portugal;40;2906
Portugal;41;2237
Portugal;42;1546
Portugal;43;1403
Portugal;44;1251
Portugal;45;1032
Portugal;46;2040
Portugal;47;2394
Portugal;48;3015
Portugal;49;2804
Portugal;50;2841
Portugal;51;2477
Portugal;52;1797
Portugal;53;1633
Portugal;54;1232
Portugal;55;947
Portugal;56;756
Portugal;57;596
Portugal;58;310
Portugal;59;399
Portugal;60;385
Portugal;61;366
Portugal;62;366
Portugal;63;366
Portugal;64;366
Portugal;65;366
Portugal;66;255
Portugal;67;0
Portugal;68;0
Portugal;69;0
Portugal;70;0
Portugal;71;0
Portugal;72;0
Portugal;73;0
Portugal;74;0
Portugal;75;0
Portugal;76;0
Portugal;77;0
Portugal;78;0
Portugal;79;0
Portugal;80;0
Portugal;81;0
Portugal;82;0
Portugal;83;0
Portugal;84;0
Portugal;85;0
Portugal;86;0
Portugal;87;0
Portugal;88;0
Portugal;89;0
Portugal;90;0
Portugal;91;0
Portugal;92;0
Portugal;93;0
Portugal;94;0
Portugal;95;0
Portugal;96;0
Portugal;97;0
Portugal;98;0
Portugal;99;0
Portugal;100;0
Portugal;101;0
Portugal;102;0
Portugal;103;0
Portugal;104;0
Portugal;105;0
Portugal;106;0
Portugal;107;0
Portugal;108;0
Portugal;109;0
Portugal;110;0
Portugal;111;0
Portugal;112;0
Portugal;113;0
Portugal;114;0
Portugal;115;0
Portugal;116;0
Portugal;117;0
Portugal;118;0
Portugal;119;0
Portugal;120;0
Portugal;121;0
Romania;1;118177
Romania;2;118177
Romania;3;149442,3333
Romania;4;149442,3333
Romania;5;149442,3333
Romania;6;158360,2
Romania;7;158360,2
Romania;8;158360,2
Romania;9;158360,2
Romania;10;158360,2
Romania;11;398386,8
Romania;12;398386,8
Romania;13;398386,8
Romania;14;398386,8
Romania;15;398386,8
Romania;16;398386,8
Romania;17;398386,8
Romania;18;398386,8
Romania;19;398386,8
Romania;20;398386,8
Romania;21;398386,8
Romania;22;398386,8
Romania;23;398386,8
Romania;24;398386,8
Romania;25;398386,8
Romania;26;158755
Romania;27;0
Romania;28;0
Romania;29;0
Romania;30;0
Romania;31;0
Romania;32;0
Romania;33;0
Romania;34;0
Romania;35;0
Romania;36;0
Romania;37;0
Romania;38;0
Romania;39;0
Romania;40;0
Romania;41;0
Romania;42;0
Romania;43;0
Romania;44;0
Romania;45;0
Romania;46;0
Romania;47;0
Romania;48;0
Romania;49;0
Romania;50;0
Romania;51;0
Romania;52;0
Romania;53;0
Romania;54;0
Romania;55;0
Romania;56;0
Romania;57;0
Romania;58;0
Romania;59;0
Romania;60;0
Romania;61;0
Romania;62;0
Romania;63;0
Romania;64;0
Romania;65;0
Romania;66;0
Romania;67;0
Romania;68;0
Romania;69;0
Romania;70;0
Romania;71;0
Romania;72;0
Romania;73;0
Romania;74;0
Romania;75;0
Romania;76;0
Romania;77;0
Romania;78;0
Romania;79;0
Romania;80;0
Romania;81;0
Romania;82;0
Romania;83;0
Romania;84;0
Romania;85;0
Romania;86;0
Romania;87;0
Romania;88;0
Romania;89;0
Romania;90;0
Romania;91;0
Romania;92;0
Romania;93;0
Romania;94;0
Romania;95;0
Romania;96;0
Romania;97;0
Romania;98;0
Romania;99;0
Romania;100;0
Romania;101;0
Romania;102;0
Romania;103;0
Romania;104;0
Romania;105;0
Romania;106;0
Romania;107;0
Romania;108;0
Romania;109;0
Romania;110;0
Romania;111;0
Romania;112;0
Romania;113;0
Romania;114;0
Romania;115;0
Romania;116;0
Romania;117;0
Romania;118;0
Romania;119;0
Romania;120;0
Romania;121;0
Slovakia;1;67926
Slovakia;2;63597
Slovakia;3;67260
Slovakia;4;94309
Slovakia;5;98481
Slovakia;6;104125
Slovakia;7;101999
Slovakia;8;94957
Slovakia;9;89725
Slovakia;10;84021
Slovakia;11;90132
Slovakia;12;97971
Slovakia;13;95035
Slovakia;14;114715
Slovakia;15;120172
Slovakia;16;116418
Slovakia;17;111525
Slovakia;18;112607
Slovakia;19;98629
Slovakia;20;89738
Slovakia;21;83712
Slovakia;22;78049
Slovakia;23;66452
Slovakia;24;60728
Slovakia;25;55853
Slovakia;26;39263
Slovakia;27;34227
Slovakia;28;13525
Slovakia;29;7891
Slovakia;30;11236
Slovakia;31;11739
Slovakia;32;9160
Slovakia;33;9935
Slovakia;34;9795
Slovakia;35;8071
Slovakia;36;7143
Slovakia;37;7222
Slovakia;38;6505
Slovakia;39;5367
Slovakia;40;4146
Slovakia;41;3154
Slovakia;42;3251
Slovakia;43;3337
Slovakia;44;3324
Slovakia;45;3419
Slovakia;46;2315
Slovakia;47;1551
Slovakia;48;1560
Slovakia;49;1706
Slovakia;50;1276
Slovakia;51;919
Slovakia;52;831
Slovakia;53;725
Slovakia;54;525
Slovakia;55;456
Slovakia;56;317
Slovakia;57;252
Slovakia;58;139
Slovakia;59;141
Slovakia;60;139
Slovakia;61;98
Slovakia;62;116
Slovakia;63;126
Slovakia;64;70
Slovakia;65;62
Slovakia;66;42
Slovakia;67;30
Slovakia;68;20
Slovakia;69;23
Slovakia;70;12
Slovakia;71;16
Slovakia;72;6
Slovakia;73;27
Slovakia;74;16
Slovakia;75;14
Slovakia;76;7
Slovakia;77;9
Slovakia;78;2
Slovakia;79;9
Slovakia;80;6
Slovakia;81;3
Slovakia;82;3
Slovakia;83;7
Slovakia;84;16
Slovakia;85;31
Slovakia;86;19
Slovakia;87;31
Slovakia;88;13
Slovakia;89;16
Slovakia;90;17
Slovakia;91;17
Slovakia;92;17
Slovakia;93;22
Slovakia;94;18
Slovakia;95;8
Slovakia;96;5
Slovakia;97;3
Slovakia;98;2
Slovakia;99;3
Slovakia;100;2
Slovakia;101;1
Slovakia;102;1
Slovakia;103;2
Slovakia;104;2
Slovakia;105;1
Slovakia;106;1
Slovakia;107;1
Slovakia;108;1
Slovakia;109;0
Slovakia;110;0
Slovakia;111;2
Slovakia;112;0
Slovakia;113;2
Slovakia;114;2
Slovakia;115;0
Slovakia;116;0
Slovakia;117;0
Slovakia;118;0
Slovakia;119;0
Slovakia;120;0
Slovakia;121;0
Slovenia;1;36682
Slovenia;2;35469
Slovenia;3;51164
Slovenia;4;59428
Slovenia;5;66965
Slovenia;6;68927
Slovenia;7;65797
Slovenia;8;56892
Slovenia;9;54303
Slovenia;10;56834
Slovenia;11;65086
Slovenia;12;59978
Slovenia;13;56326
Slovenia;14;69585
Slovenia;15;62964
Slovenia;16;54141
Slovenia;17;50204
Slovenia;18;44773
Slovenia;19;40039
Slovenia;20;30072
Slovenia;21;23662
Slovenia;22;21101
Slovenia;23;18743
Slovenia;24;11009
Slovenia;25;6373
Slovenia;26;6373
Slovenia;27;6373
Slovenia;28;6373
Slovenia;29;3821
Slovenia;30;0
Slovenia;31;0
Slovenia;32;0
Slovenia;33;0
Slovenia;34;0
Slovenia;35;0
Slovenia;36;0
Slovenia;37;0
Slovenia;38;0
Slovenia;39;0
Slovenia;40;0
Slovenia;41;0
Slovenia;42;0
Slovenia;43;0
Slovenia;44;0
Slovenia;45;0
Slovenia;46;0
Slovenia;47;0
Slovenia;48;0
Slovenia;49;0
Slovenia;50;0
Slovenia;51;0
Slovenia;52;0
Slovenia;53;0
Slovenia;54;0
Slovenia;55;0
Slovenia;56;0
Slovenia;57;0
Slovenia;58;0
Slovenia;59;0
Slovenia;60;0
Slovenia;61;0
Slovenia;62;0
Slovenia;63;0
Slovenia;64;0
Slovenia;65;0
Slovenia;66;0
Slovenia;67;0
Slovenia;68;0
Slovenia;69;0
Slovenia;70;0
Slovenia;71;0
Slovenia;72;0
Slovenia;73;0
Slovenia;74;0
Slovenia;75;0
Slovenia;76;0
Slovenia;77;0
Slovenia;78;0
Slovenia;79;0
Slovenia;80;0
Slovenia;81;0
Slovenia;82;0
Slovenia;83;0
Slovenia;84;0
Slovenia;85;0
Slovenia;86;0
Slovenia;87;0
Slovenia;88;0
Slovenia;89;0
Slovenia;90;0
Slovenia;91;0
Slovenia;92;0
Slovenia;93;0
Slovenia;94;0
Slovenia;95;0
Slovenia;96;0
Slovenia;97;0
Slovenia;98;0
Slovenia;99;0
Slovenia;100;0
Slovenia;101;0
Slovenia;102;0
Slovenia;103;0
Slovenia;104;0
Slovenia;105;0
Slovenia;106;0
Slovenia;107;0
Slovenia;108;0
Slovenia;109;0
Slovenia;110;0
Slovenia;111;0
Slovenia;112;0
Slovenia;113;0
Slovenia;114;0
Slovenia;115;0
Slovenia;116;0
Slovenia;117;0
Slovenia;118;0
Slovenia;119;0
Slovenia;120;0
Slovenia;121;0
Sweden;1;219652
Sweden;2;261102
Sweden;3;306201
Sweden;4;284802
Sweden;5;310025
Sweden;6;326997
Sweden;7;297458
Sweden;8;265988
Sweden;9;232619
Sweden;10;227715
Sweden;11;255256
Sweden;12;235585
Sweden;13;150746
Sweden;14;176649
Sweden;15;206247
Sweden;16;176983
Sweden;17;159087
Sweden;18;136061
Sweden;19;115721
Sweden;20;115721
Sweden;21;115721
Sweden;22;115721
Sweden;23;115721
Sweden;24;115721
Sweden;25;63249
Sweden;26;0
Sweden;27;0
Sweden;28;0
Sweden;29;0
Sweden;30;0
Sweden;31;0
Sweden;32;0
Sweden;33;0
Sweden;34;0
Sweden;35;0
Sweden;36;0
Sweden;37;0
Sweden;38;0
Sweden;39;0
Sweden;40;0
Sweden;41;0
Sweden;42;0
Sweden;43;0
Sweden;44;0
Sweden;45;0
Sweden;46;0
Sweden;47;0
Sweden;48;0
Sweden;49;0
Sweden;50;0
Sweden;51;0
Sweden;52;0
Sweden;53;0
Sweden;54;0
Sweden;55;0
Sweden;56;0
Sweden;57;0
Sweden;58;0
Sweden;59;0
Sweden;60;0
Sweden;61;0
Sweden;62;0
Sweden;63;0
Sweden;64;0
Sweden;65;0
Sweden;66;0
Sweden;67;0
Sweden;68;0
Sweden;69;0
Sweden;70;0
Sweden;71;0
Sweden;72;0
Sweden;73;0
Sweden;74;0
Sweden;75;0
Sweden;76;0
Sweden;77;0
Sweden;78;0
Sweden;79;0
Sweden;80;0
Sweden;81;0
Sweden;82;0
Sweden;83;0
Sweden;84;0
Sweden;85;0
Sweden;86;0
Sweden;87;0
Sweden;88;0
Sweden;89;0
Sweden;90;0
Sweden;91;0
Sweden;92;0
Sweden;93;0
Sweden;94;0
Sweden;95;0
Sweden;96;0
Sweden;97;0
Sweden;98;0
Sweden;99;0
Sweden;100;0
Sweden;101;0
Sweden;102;0
Sweden;103;0
Sweden;104;0
Sweden;105;0
Sweden;106;0
Sweden;107;0
Sweden;108;0
Sweden;109;0
Sweden;110;0
Sweden;111;0
Sweden;112;0
Sweden;113;0
Sweden;114;0
Sweden;115;0
Sweden;116;0
Sweden;117;0
Sweden;118;0
Sweden;119;0
Sweden;120;0
Sweden;121;0
United Kingdom;1;1610744
United Kingdom;2;1567573
United Kingdom;3;2184672
United Kingdom;4;2165046
United Kingdom;5;2333589
United Kingdom;6;2480095
United Kingdom;7;2411901
United Kingdom;8;2238835
United Kingdom;9;2006583
United Kingdom;10;1752971
United Kingdom;11;1595706
United Kingdom;12;1597578
United Kingdom;13;1480937
United Kingdom;14;1351105
United Kingdom;15;1330279
United Kingdom;16;1057936
United Kingdom;17;834356
United Kingdom;18;650693
United Kingdom;19;492059
United Kingdom;20;342522
United Kingdom;21;212663
United Kingdom;22;127106
United Kingdom;23;84854
United Kingdom;24;59538
United Kingdom;25;42079
United Kingdom;26;26479
United Kingdom;27;19972
United Kingdom;28;14731
United Kingdom;29;11979
United Kingdom;30;10303
United Kingdom;31;11124
United Kingdom;32;12126
United Kingdom;33;11216
United Kingdom;34;7908
United Kingdom;35;5978
United Kingdom;36;5015
United Kingdom;37;4489
United Kingdom;38;3470
United Kingdom;39;3519
United Kingdom;40;2627
United Kingdom;41;2864
United Kingdom;42;6207
United Kingdom;43;7242
United Kingdom;44;7453
United Kingdom;45;6606
United Kingdom;46;5832
United Kingdom;47;6193
United Kingdom;48;8703
United Kingdom;49;14105
United Kingdom;50;16468
United Kingdom;51;11899
United Kingdom;52;11068
United Kingdom;53;9707
United Kingdom;54;10631
United Kingdom;55;9579
United Kingdom;56;8182
United Kingdom;57;7173
United Kingdom;58;7340
United Kingdom;59;6775
United Kingdom;60;5342
United Kingdom;61;5474
United Kingdom;62;5868
United Kingdom;63;5128
United Kingdom;64;4094
United Kingdom;65;3183
United Kingdom;66;3152
United Kingdom;67;3944
United Kingdom;68;3489
United Kingdom;69;2918
United Kingdom;70;1947
United Kingdom;71;1741
United Kingdom;72;1442
United Kingdom;73;1448
United Kingdom;74;1346
United Kingdom;75;1226
United Kingdom;76;841
United Kingdom;77;32
United Kingdom;78;13
United Kingdom;79;13
United Kingdom;80;14
United Kingdom;81;22
United Kingdom;82;205
United Kingdom;83;1401
United Kingdom;84;2205
United Kingdom;85;2963
United Kingdom;86;2971
United Kingdom;87;3018
United Kingdom;88;3154
United Kingdom;89;2459
United Kingdom;90;1743
United Kingdom;91;1279
United Kingdom;92;1312
United Kingdom;93;1208
United Kingdom;94;1031
United Kingdom;95;815
United Kingdom;96;682
United Kingdom;97;488
United Kingdom;98;389
United Kingdom;99;262
United Kingdom;100;153
United Kingdom;101;427
United Kingdom;102;25
United Kingdom;103;9
United Kingdom;104;2
United Kingdom;105;1
United Kingdom;106;8
United Kingdom;107;13
United Kingdom;108;30
United Kingdom;109;18
United Kingdom;110;19
United Kingdom;111;9
United Kingdom;112;7
United Kingdom;113;7
United Kingdom;114;5
United Kingdom;115;4
United Kingdom;116;9
United Kingdom;117;8
United Kingdom;118;41
United Kingdom;119;25
United Kingdom;120;4
United Kingdom;121;4
